symbol,name,lastsale,netchange,pctchange,marketCap,country,ipoyear,volume,sector,industry,url
AAMC,Altisource Asset Management Corp Com,$24.40,0.00,0.00%,50155688.00,United States,,27,Finance,Investment Managers,/market-activity/stocks/aamc
AAU,Almaden Minerals Ltd. Common Shares,$0.3841,-0.0028,-0.724%,52706743.00,Canada,2015,459636,,,/market-activity/stocks/aau
ACU,Acme United Corporation. Common Stock,$36.2025,-0.3975,-1.086%,128110076.00,United States,1988,2561,Consumer Durables,Home Furnishings,/market-activity/stocks/acu
ACY,AeroCentury Corp. Common Stock,$47.15,0.14,0.298%,207602723.00,United States,,12954,Technology,Diversified Commercial Services,/market-activity/stocks/acy
ADRA,Adara Acquisition Corp. Class A Common Stock,$9.83,0.00,0.00%,141306250.00,United States,2021,52,,,/market-activity/stocks/adra
AE,Adams Resources & Energy Inc. Common Stock,$29.66,-0.2204,-0.738%,126273831.00,United States,,1427,Energy,Oilfield Services/Equipment,/market-activity/stocks/ae
AEF,Aberdeen Emerging Markets Equity Income Fund Inc. Common Stock,$8.475,-0.025,-0.294%,430121319.00,United States,,45661,Finance,Finance/Investors Services,/market-activity/stocks/aef
AGE,AgeX Therapeutics Inc. Common Stock,$0.8071,-0.0229,-2.759%,30619059.00,,2018,53970,Health Care,Biotechnology: Pharmaceutical Preparations,/market-activity/stocks/age
AIM,AIM ImmunoTech Inc. Common Stock,$1.77,0.01,0.568%,70251321.00,United States,,130957,Health Care,Biotechnology: Biological Products (No Diagnostic Substances),/market-activity/stocks/aim
AINC,Ashford Inc. (Holding Company) Common Stock,$23.90,0.35,1.486%,72241813.00,United States,2014,55273,Finance,Investment Managers,/market-activity/stocks/ainc
AIRI,Air Industries Group Common Stock,$1.06,0.00,0.00%,34002182.00,United States,,76803,Capital Goods,Military/Government/Technical,/market-activity/stocks/airi
AMBO,Ambow Education Holding Ltd. American Depository Shares each representing two Class A ordinary shares,$1.32,0.03,2.326%,30793415.00,China,,566102,Miscellaneous,Service to the Health Industry,/market-activity/stocks/ambo
AMPE,Ampio Pharmaceuticals Inc.,$1.58,-0.01,-0.629%,316723572.00,United States,,439904,Health Care,Biotechnology: Pharmaceutical Preparations,/market-activity/stocks/ampe
AMS,American Shared Hospital Services Common Stock,$3.10,0.04,1.307%,18190800.00,United States,,6502,Health Care,Medical Specialities,/market-activity/stocks/ams
ANVS,Annovis Bio Inc. Common Stock,$32.35,-5.32,-14.123%,262053440.00,United States,2020,288566,Consumer Durables,Specialty Chemicals,/market-activity/stocks/anvs
APT,Alpha Pro Tech Ltd. Common Stock,$5.37,-0.06,-1.105%,70976638.00,Canada,,143122,,,/market-activity/stocks/apt
ARMP,Armata Pharmaceuticals Inc. Common Stock,$3.4688,-0.1412,-3.911%,93956954.00,United States,,14668,Health Care,Biotechnology: Biological Products (No Diagnostic Substances),/market-activity/stocks/armp
ASM,Avino Silver & Gold Mines Ltd. Common Shares (Canada),$0.988,0.009,0.919%,100185878.00,Canada,,376294,,,/market-activity/stocks/asm
ASXC,Asensus Surgical Inc. Common Stock,$1.905,-0.055,-2.806%,446512434.00,United States,,2432789,Health Care,Medical/Dental Instruments,/market-activity/stocks/asxc
ATNM,Actinium Pharmaceuticals Inc. (Delaware) Common Stock,$8.0895,-0.1305,-1.588%,178164499.00,United States,,56139,Health Care,Biotechnology: Pharmaceutical Preparations,/market-activity/stocks/atnm
AUMN,Golden Minerals Company Common Stock,$0.4323,0.0049,1.146%,70380434.00,United States,,1130157,Basic Industries,Metal Mining,/market-activity/stocks/aumn
AWX,Avalon Holdings Corporation Common Stock,$3.98,0.00,0.00%,15519735.00,United States,,6079,Public Utilities,Environmental Services,/market-activity/stocks/awx
AXU,Alexco Resource Corp Common Shares (Canada),$1.98,0.01,0.508%,298798480.00,Canada,,405168,,,/market-activity/stocks/axu
BATL,Battalion Oil Corporation Common Stock,$12.1002,0.0102,0.084%,196846501.00,,,7870,Energy,Oil & Gas Production,/market-activity/stocks/batl
BCV,Bancroft Fund Ltd.,$30.91,0.25,0.815%,170554765.00,United States,,10190,Finance,Finance/Investors Services,/market-activity/stocks/bcv
BCV^A,Bancroft Fund Limited 5.375% Series A Cumulative Preferred Shares,$25.575,-0.055,-0.215%,,United States,,2000,,,/market-activity/stocks/bcv^a
BDL,Flanigan's Enterprises Inc. Common Stock,$30.9926,0.5974,1.965%,57604303.00,United States,,4376,Consumer Services,Restaurants,/market-activity/stocks/bdl
BDR,Blonder Tongue Laboratories Inc. Common Stock,$1.1499,-0.0001,-0.009%,14256190.00,United States,,187881,Technology,Radio And Television Broadcasting And Communications Equipment,/market-activity/stocks/bdr
BGI,Birks Group Inc. Common Stock,$2.9914,-0.1786,-5.634%,54829200.00,Canada,,233570,,,/market-activity/stocks/bgi
BHB,Bar Harbor Bankshares Inc. Common Stock,$31.55,-0.18,-0.567%,472839850.00,United States,,6811,Finance,Major Banks,/market-activity/stocks/bhb
BKTI,BK Technologies Corporation Common Stock,$2.93,-0.12,-3.934%,53515676.00,United States,,4722,Technology,Radio And Television Broadcasting And Communications Equipment,/market-activity/stocks/bkti
BMTX,BM Technologies Inc. Common Stock,$9.32,-0.13,-1.376%,113707523.00,,2018,23547,Technology,EDP Services,/market-activity/stocks/bmtx
BRBS,Blue Ridge Bankshares Inc. Common Stock,$18.45,-0.10,-0.539%,346445927.00,,,15463,Finance,Commercial Banks,/market-activity/stocks/brbs
BRG,Bluerock Residential Growth REIT Inc. Class A Common Stock,$13.83,0.38,2.825%,366327519.00,,2014,48657,Consumer Services,Real Estate Investment Trusts,/market-activity/stocks/brg
BRG^C,Bluerock Residential Growth REIT Inc. 7.625% Series C Cumulative Redeemable Preferred Stock,$25.35,0.0699,0.277%,,,,2250,,,/market-activity/stocks/brg^c
BRG^D,Bluerock Residential Growth REIT Inc. 7.125% Series D Cumulative Preferred Stock ($0.01 par value per share),$25.29,-0.01,-0.04%,,,,590,,,/market-activity/stocks/brg^d
BRN,Barnwell Industries Inc. Common Stock,$2.59,0.01,0.388%,24462931.00,United States,,193632,Energy,Oil & Gas Production,/market-activity/stocks/brn
BTG,B2Gold Corp Common shares (Canada),$4.39,0.02,0.458%,4634016368.00,Canada,,1594259,,,/market-activity/stocks/btg
BTN,Ballantyne Strong Inc. Common Stock,$3.15,-0.04,-1.254%,58196307.00,United States,,12173,Miscellaneous,Industrial Machinery/Components,/market-activity/stocks/btn
BTTR,Better Choice Company Inc. Common Stock,$3.92,0.02,0.513%,115977481.00,,2021,35936,Consumer Non-Durables,Food Distributors,/market-activity/stocks/bttr
CANF,Can-Fite Biopharma Ltd Sponsored ADR (Israel),$1.455,-0.035,-2.349%,27778195.00,Israel,,76386,Health Care,Biotechnology: Pharmaceutical Preparations,/market-activity/stocks/canf
CCF,Chase Corporation Common Stock,$107.45,-0.04,-0.037%,1015321698.00,United States,,4468,Basic Industries,Paints/Coatings,/market-activity/stocks/ccf
CDOR,Condor Hospitality Trust Inc. Common Stock,$7.28,0.02,0.275%,107179997.00,United States,,9014,Consumer Services,Real Estate Investment Trusts,/market-activity/stocks/cdor
CEI,Camber Energy Inc. Common Stock,$1.225,-0.025,-2.00%,305715176.00,United States,,22430305,Energy,Oil & Gas Production,/market-activity/stocks/cei
CET,Central Securities Corporation Common Stock,$44.98,-0.12,-0.266%,1180450757.00,United States,,11489,Finance,Finance/Investors Services,/market-activity/stocks/cet
CEV,Eaton Vance California Municipal Income Trust Shares of Beneficial Interest,$14.2391,0.1991,1.418%,101575688.00,United States,1999,7143,Finance,Finance/Investors Services,/market-activity/stocks/cev
CIK,Credit Suisse Asset Management Income Fund Inc. Common Stock,$3.47,-0.01,-0.287%,181527418.00,United States,,472241,Finance,Finance/Investors Services,/market-activity/stocks/cik
CIX,CompX International Inc. Common Stock,$21.91,-0.74,-3.267%,271807945.00,United States,1998,2597,Miscellaneous,Diversified Manufacture,/market-activity/stocks/cix
CKX,CKX Lands Inc. Common Stock,$12.0901,0.00,0.00%,23484959.00,United States,,2,Energy,Oil & Gas Production,/market-activity/stocks/ckx
CLM,Cornerstone Strategic Value Fund Inc. New Common Stock,$14.71,0.16,1.10%,1733995780.00,United States,1987,1530437,Finance,Finance/Investors Services,/market-activity/stocks/clm
CMCL,Caledonia Mining Corporation Plc Common Shares,$12.66,-0.11,-0.861%,153424299.00,Canada,,7198,Basic Industries,Precious Metals,/market-activity/stocks/cmcl
CMT,Core Molding Technologies Inc Common Stock,$9.78,-0.22,-2.20%,82978185.00,United States,,25955,Consumer Durables,Electronic Components,/market-activity/stocks/cmt
COHN,Cohen & Company Inc.,$18.265,0.015,0.082%,29780041.00,United States,,8728,Finance,Investment Managers,/market-activity/stocks/cohn
CPHI,China Pharma Holdings Inc. Common Stock,$0.6285,-0.0116,-1.812%,27389752.00,China,,154819,Health Care,Biotechnology: Pharmaceutical Preparations,/market-activity/stocks/cphi
CQP,Cheniere Energy Partners LP Cheniere Energy Partners LP Common Units,$43.32,-0.23,-0.528%,20967989988.00,United States,2007,22535,Public Utilities,Oil/Gas Transmission,/market-activity/stocks/cqp
CRF,Cornerstone Total Return Fund Inc. (The) Common Stock,$14.09,0.13,0.931%,876769032.00,United States,,548046,Finance,Finance/Investors Services,/market-activity/stocks/crf
CTEK,CynergisTek Inc. Common Stock,$1.72,0.00,0.00%,20847601.00,United States,2017,18072,Technology,Retail: Computer Software & Peripheral Equipment,/market-activity/stocks/ctek
CVM,Cel-Sci Corporation Common Stock,$12.25,-0.13,-1.05%,527094838.00,United States,,194128,Health Care,Biotechnology: Biological Products (No Diagnostic Substances),/market-activity/stocks/cvm
CVR,Chicago Rivet & Machine Co. Common Stock,$27.02,0.00,0.00%,26104887.00,United States,,57,Consumer Non-Durables,Industrial Specialties,/market-activity/stocks/cvr
CVU,CPI Aerostructures Inc. Common Stock,$2.92,-0.11,-3.63%,35712438.00,United States,,15418,Capital Goods,Military/Government/Technical,/market-activity/stocks/cvu
CYBN,Cybin Inc. Common Shares,$1.935,-0.065,-3.25%,325791726.00,,,6810503,,,/market-activity/stocks/cybn
DHY,Credit Suisse High Yield Bond Fund Common Stock,$2.5218,0.0018,0.071%,261024966.00,United States,1998,146161,Finance,Finance/Investors Services,/market-activity/stocks/dhy
DIT,AMCON Distributing Company Common Stock,$140.50,12.51,9.774%,77467345.00,United States,,3342,Consumer Non-Durables,Food Distributors,/market-activity/stocks/dit
DLA,Delta Apparel Inc. Common Stock,$27.13,-0.81,-2.899%,189222526.00,United States,,3586,Consumer Non-Durables,Department/Specialty Retail Stores,/market-activity/stocks/dla
DMF,BNY Mellon Municipal Income Inc. Common Stock,$8.94,0.12,1.361%,185512134.00,United States,1988,40225,Finance,Finance/Investors Services,/market-activity/stocks/dmf
DNN,Denison Mines Corp Ordinary Shares (Canada),$2.07,-0.01,-0.481%,1670699027.00,Canada,,12312052,,,/market-activity/stocks/dnn
DPW,Ault Global Holdings Inc. Common Stock,$2.175,0.005,0.23%,156837343.00,United States,,4042700,Capital Goods,Industrial Machinery/Components,/market-activity/stocks/dpw
DSS,DSS Inc. Common Stock,$1.19,-0.01,-0.833%,94897604.00,United States,,401618,Consumer Services,Recreational Products/Toys,/market-activity/stocks/dss
DXF,Dunxin Financial Holdings Limited American Depositary Shares,$1.49,0.06,4.196%,31109989.00,China,,795209,Consumer Non-Durables,Apparel,/market-activity/stocks/dxf
DXR,Daxor Corporation Common Stock,$11.07,-0.18,-1.60%,44655018.00,United States,,1177,Health Care,Medical/Dental Instruments,/market-activity/stocks/dxr
EAD,Wells Fargo Income Opportunities Fund Common Shares,$8.97,0.01,0.112%,543458340.00,United States,2003,101571,Finance,Finance/Investors Services,/market-activity/stocks/ead
ECF,Ellsworth Growth and Income Fund Ltd.,$14.23,0.04,0.282%,192097287.00,United States,1986,22105,Finance,Finance/Investors Services,/market-activity/stocks/ecf
ECF^A,Ellsworth Growth and Income Fund Ltd. 5.25% Series A Cumulative Preferred Shares (Liquidation Preference $25.00 per share),$25.83,-0.14,-0.539%,,United States,,840,,,/market-activity/stocks/ecf^a
EIM,Eaton Vance Municipal Bond Fund Common Shares of Beneficial Interest $.01 par value,$13.43,0.02,0.149%,966331261.00,United States,2002,49161,Finance,Finance/Investors Services,/market-activity/stocks/eim
ELA,Envela Corporation Common Stock,$4.52,0.09,2.032%,121698202.00,United States,,47433,Consumer Services,Consumer Specialties,/market-activity/stocks/ela
ELLO,Ellomay Capital Ltd Ordinary Shares (Israel),$33.595,0.00,0.00%,431340550.00,Israel,,131,Public Utilities,Electric Utilities: Central,/market-activity/stocks/ello
ELMD,Electromed Inc. Common Stock,$11.23,-0.10,-0.883%,96228107.00,United States,2011,372,Health Care,Biotechnology: Electromedical & Electrotherapeutic Apparatus,/market-activity/stocks/elmd
EMAN,eMagin Corporation Common Stock,$2.6756,-0.1844,-6.448%,193990803.00,United States,,420991,Capital Goods,Industrial Machinery/Components,/market-activity/stocks/eman
EMX,EMX Royalty Corporation Common Shares (Canada),$2.73,0.02,0.738%,302655332.00,Canada,,60114,,,/market-activity/stocks/emx
ENSV,Enservco Corporation Common Stock,$1.35,-0.02,-1.46%,15434180.00,United States,,143529,Energy,Oilfield Services/Equipment,/market-activity/stocks/ensv
ENX,Eaton Vance New York Municipal Bond Fund Common Shares of Beneficial Interest $.01 par value,$12.54,-0.05,-0.397%,227203407.00,United States,2002,11680,Finance,Finance/Investors Services,/market-activity/stocks/enx
EPM,Evolution Petroleum Corporation Inc. Common Stock,$6.13,-0.06,-0.969%,206162621.00,United States,,48635,Energy,Oil & Gas Production,/market-activity/stocks/epm
EQX,Equinox Gold Corp. Common Shares,$7.84,0.01,0.128%,2355519611.00,Canada,,1101731,,,/market-activity/stocks/eqx
ERC,Wells Fargo Multi-Sector Income Fund Common Stock no par value,$13.60,0.05,0.369%,381719346.00,United States,2003,28604,Finance,Finance/Investors Services,/market-activity/stocks/erc
ERH,Wells Fargo Utilities and High Income Fund,$14.30,-0.03,-0.209%,132792374.00,,2004,7187,Finance,Finance/Investors Services,/market-activity/stocks/erh
ESP,Espey Mfg. & Electronics Corp. Common Stock,$15.8101,-0.6899,-4.181%,42728898.00,United States,,1715,Capital Goods,Industrial Machinery/Components,/market-activity/stocks/esp
EVBN,Evans Bancorp Inc. Common Stock,$39.77,0.07,0.176%,217415551.00,United States,,2492,Finance,Major Banks,/market-activity/stocks/evbn
EVI,EVI Industries Inc.  Common Stock,$33.25,0.33,1.002%,408257831.00,United States,,6274,Capital Goods,Industrial Machinery/Components,/market-activity/stocks/evi
EVM,Eaton Vance California Municipal Bond Fund Common Shares of Beneficial Interest $.01 par value,$12.04,0.03,0.25%,300931842.00,United States,2002,23117,Finance,Finance/Investors Services,/market-activity/stocks/evm
EVV,Eaton Vance Limited Duration Income Fund Common Shares of Beneficial Interest,$13.2897,-0.0103,-0.077%,1543559025.00,United States,2003,264492,Finance,Finance/Investors Services,/market-activity/stocks/evv
EXN,Excellon Resources Inc. Common Shares,$1.37,-0.01,-0.725%,44885976.00,,2020,5741,,,/market-activity/stocks/exn
FAX,Aberdeen Asia-Pacific Income Fund Inc Common Stock,$4.135,0.045,1.10%,1024222005.00,United States,1986,439459,Finance,Investment Managers,/market-activity/stocks/fax
FCO,Aberdeen Global Income Fund Inc. Common Stock,$8.3285,-0.0715,-0.851%,72810412.00,United States,1992,29865,Finance,Investment Managers,/market-activity/stocks/fco
FEN,First Trust Energy Income and Growth Fund,$14.5087,-0.0513,-0.352%,282129941.00,United States,2004,30983,Finance,Finance/Investors Services,/market-activity/stocks/fen
FRD,Friedman Industries Inc. Common Stock,$13.89,-0.11,-0.786%,95834569.00,United States,,3766,Basic Industries,Steel/Iron Ore,/market-activity/stocks/frd
FSI,Flexible Solutions International Inc. Common Stock (CDA),$3.72,-0.09,-2.362%,45857355.00,Canada,,17113,Capital Goods,Recreational Products/Toys,/market-activity/stocks/fsi
FSP,Franklin Street Properties Corp. Common Stock,$5.60,0.75,15.464%,601410673.00,United States,,869704,Consumer Services,Real Estate Investment Trusts,/market-activity/stocks/fsp
FTF,Franklin Limited Duration Income Trust Common Shares of Beneficial Interest,$9.08,0.02,0.221%,273660622.00,United States,2003,42782,Finance,Finance/Investors Services,/market-activity/stocks/ftf
FTSI,FTS International Inc. Class A Common Stock,$26.31,-0.18,-0.68%,369961827.00,United States,2020,152466,Energy,Oilfield Services/Equipment,/market-activity/stocks/ftsi
FURY,Fury Gold Mines Limited Common Shares,$0.66,0.0034,0.518%,82758841.00,,2020,124403,,,/market-activity/stocks/fury
GAU,Galiano Gold Inc.,$0.84,0.00,0.00%,188952501.00,Canada,,256216,,,/market-activity/stocks/gau
GBR,New Concept Energy Inc Common Stock,$3.71,-0.07,-1.852%,19039475.00,United States,,136943,Consumer Services,Real Estate,/market-activity/stocks/gbr
GDP,Goodrich Petroleum Corporation Common Stock,$21.15,-0.38,-1.765%,287829187.00,United States,2017,23787,Energy,Oil & Gas Production,/market-activity/stocks/gdp
GGN,GAMCO Global Gold Natural Resources & Income Trust,$3.9486,0.0186,0.473%,608230238.00,United States,2005,253778,Finance,Finance/Investors Services,/market-activity/stocks/ggn
GGN^B,GAMCO Global Gold Natural Reources & Income Trust 5.00% Series B Cumulative 25.00 Liquidation Preference,$25.28,-0.14,-0.551%,,United States,,731,,,/market-activity/stocks/ggn^b
GLDG,GoldMining Inc. Common Shares,$1.4101,0.0001,0.007%,211152421.00,,,168345,,,/market-activity/stocks/gldg
GLO,Clough Global Opportunities Fund Common Stock,$12.96,-0.12,-0.917%,516106624.00,United States,2006,110146,Finance,Finance/Investors Services,/market-activity/stocks/glo
GLQ,Clough Global Equity Fund Clough Global Equity Fund Common Shares of Beneficial Interest,$15.7101,-0.0999,-0.632%,277322399.00,United States,2005,108167,Finance,Finance/Investors Services,/market-activity/stocks/glq
GLTA,Galata Acquisition Corp. Class A Ordinary Shares,$9.87,0.07,0.714%,177351563.00,,2021,51023,,,/market-activity/stocks/glta
GLU,Gabelli Global Utility Common Shares of Beneficial Ownership,$20.59,0.0285,0.139%,110673083.00,United States,2004,7817,Finance,Finance/Investors Services,/market-activity/stocks/glu
GLU^B,The Gabelli Global Utility and Income Trust Series B Cumulative Puttable and Callable Preferred Shares,$51.14,0.02,0.039%,,United States,,350,,,/market-activity/stocks/glu^b
GLV,Clough Global Dividend and Income Fund Common Shares of beneficial interest,$11.50,-0.06,-0.519%,129241830.00,United States,2004,17714,Finance,Finance/Investors Services,/market-activity/stocks/glv
GOED,1847 Goedeker Inc. Commom Stock,$2.7074,-0.0326,-1.19%,288033063.00,United States,2020,903999,Capital Goods,Recreational Products/Toys,/market-activity/stocks/goed
GORO,Gold Resource Corporation Common Stock,$1.985,0.035,1.795%,148044633.00,United States,,615000,Basic Industries,Precious Metals,/market-activity/stocks/goro
GPL,Great Panther Mining Limited Ordinary Shares (Canada),$0.3737,-0.0062,-1.632%,133334496.00,Canada,,2346694,,,/market-activity/stocks/gpl
GRF,Eagle Capital Growth Fund Inc. Common Stock,$9.82,0.0974,1.002%,39861511.00,United States,,5678,Finance,Finance/Investors Services,/market-activity/stocks/grf
GROY,Gold Royalty Corp. Common Shares,$4.85,-0.05,-1.02%,351739087.00,,2021,383235,,,/market-activity/stocks/groy
GSAT,Globalstar Inc. Common Stock,$1.7133,0.0633,3.836%,3071946900.00,United States,2006,9258428,Consumer Services,Telecommunications Equipment,/market-activity/stocks/gsat
GSS,Golden Star Resources Ltd Common Stock,$3.71,0.01,0.27%,429339924.00,United States,,778184,,,/market-activity/stocks/gss
GSV,Gold Standard Ventures Corporation Common Stock (Canada),$0.5097,0.0097,1.94%,182457437.00,Canada,,570904,,,/market-activity/stocks/gsv
GTE,Gran Tierra Energy Inc. Common Stock,$0.8495,-0.0204,-2.345%,311889253.00,Canada,,2429409,Energy,Oil & Gas Production,/market-activity/stocks/gte
HMG,HMG/Courtland Properties Inc. Common Stock,$17.15,-0.35,-2.00%,17438943.00,United States,,2893,Consumer Services,Real Estate Investment Trusts,/market-activity/stocks/hmg
HNW,Pioneer Diversified High Income Fund Inc.,$15.7467,-0.0033,-0.021%,131213944.00,United States,2007,13468,Finance,Finance/Investors Services,/market-activity/stocks/hnw
HUSA,Houston American Energy Corporation Common Stock,$1.9002,-0.0398,-2.052%,18856327.00,United States,,126347,Energy,Oil & Gas Production,/market-activity/stocks/husa
HWM^,Howmet Aerospace Inc. $3.75 Preferred Stock,$77.95,0.10,0.128%,,United States,,106,,,/market-activity/stocks/hwm^
IAF,Aberdeen Australia Equity Fund Inc Common Stock,$6.2399,-0.0101,-0.162%,146607268.00,United States,,23560,Finance,Finance/Investors Services,/market-activity/stocks/iaf
IBIO,iBio Inc. Common Stock,$0.80,-0.03,-3.614%,174366075.00,United States,,1809146,Health Care,Biotechnology: Pharmaceutical Preparations,/market-activity/stocks/ibio
ID,PARTS iD Inc. Class A Common Stock,$4.1846,-0.0654,-1.539%,138817644.00,United States,2017,24853,Miscellaneous,Diversified Commercial Services,/market-activity/stocks/id
IDW,IDW Media Holdings Class B Common Stock,$3.21,-0.075,-2.283%,41615852.00,,2021,4943,Consumer Services,Newspapers/Magazines,/market-activity/stocks/idw
IGC,India Globalization Capital Inc. Common Stock,$1.46,0.01,0.69%,74534485.00,United States,,382848,Technology,Engineering & Construction,/market-activity/stocks/igc
IHT,InnSuites Hospitality Trust Shares of Beneficial Interest,$3.935,-0.215,-5.181%,35890073.00,United States,,98725,Consumer Services,Real Estate Investment Trusts,/market-activity/stocks/iht
IMH,Impac Mortgage Holdings Inc. Common Stock ,$1.40,-0.03,-2.098%,29865758.00,United States,1997,25666,Finance,Finance: Consumer Services,/market-activity/stocks/imh
IMO,Imperial Oil Limited Common Stock,$34.94,0.65,1.896%,24304660080.00,Canada,,294358,,,/market-activity/stocks/imo
INDO,Indonesia Energy Corporation Limited Ordinary Shares,$4.0336,-0.0364,-0.894%,30021903.00,,2019,2780,Energy,Oil & Gas Production,/market-activity/stocks/indo
INFU,InfuSystems Holdings Inc. Common Stock,$16.03,-0.23,-1.415%,329712879.00,United States,,32071,Health Care,Medical/Dental Instruments,/market-activity/stocks/infu
INTT,inTest Corporation Common Stock,$15.35,0.35,2.333%,165515704.00,United States,1997,103664,Technology,Semiconductors,/market-activity/stocks/intt
INUV,Inuvo Inc.,$0.7297,-0.0012,-0.164%,86648377.00,United States,,367702,Technology,Advertising,/market-activity/stocks/inuv
IOR,Income Opportunity Realty Investors Inc. Common Stock,$12.55,0.00,0.00%,52313596.00,United States,,1,Finance,Diversified Financial Services,/market-activity/stocks/ior
ISDR,Issuer Direct Corporation Common Stock,$25.345,-0.655,-2.519%,95969476.00,United States,,11080,Technology,EDP Services,/market-activity/stocks/isdr
ISR,IsoRay Inc. Common Stock (DE),$0.635,0.00,0.00%,90116194.00,United States,,310781,Health Care,Medical/Dental Instruments,/market-activity/stocks/isr
ITP,IT Tech Packaging Inc. Common Stock,$0.4125,0.0005,0.121%,40858084.00,China,,2090464,Basic Industries,Paper,/market-activity/stocks/itp
ITRG,Integra Resources Corp. Common Shares,$2.37,-0.02,-0.837%,147194313.00,,,32021,,,/market-activity/stocks/itrg
JOB,GEE Group Inc. Common Stock,$0.49,-0.01,-2.00%,55909223.00,United States,,690302,Technology,Diversified Commercial Services,/market-activity/stocks/job
KIQ,Kelso Technologies Inc Ordinary Shares,$0.70,-0.0279,-3.833%,38024060.00,Canada,,309702,,,/market-activity/stocks/kiq
KULR,KULR Technology Group Inc. Common Stock,$3.1189,-0.2811,-8.268%,317196069.00,United States,,1886055,,,/market-activity/stocks/kulr
LCTX,Lineage Cell Therapeutics Inc. Common Stock,$2.53,0.01,0.397%,379452808.00,United States,,218070,Health Care,Biotechnology: Biological Products (No Diagnostic Substances),/market-activity/stocks/lctx
LEU,Centrus Energy Corp. Class A Common Stock,$71.69,-5.00,-6.52%,1002319612.00,United States,2014,163176,,,/market-activity/stocks/leu
LGL,LGL Group Inc. (The) Common Stock,$12.13,0.07,0.58%,63951835.00,United States,,1684,Capital Goods,Industrial Machinery/Components,/market-activity/stocks/lgl
LNG,Cheniere Energy Inc. Common Stock,$106.85,-1.18,-1.092%,27095926203.00,United States,,877160,Public Utilities,Oil/Gas Transmission,/market-activity/stocks/lng
LODE,Comstock Mining Inc. Common Stock,$2.38,0.03,1.277%,152192882.00,United States,,371682,Finance,Real Estate,/market-activity/stocks/lode
LOV,Spark Networks Inc. American Depositary Shares (each representing one-tenth of an Ordinary Share),$2.52,-0.12,-4.545%,65854102.00,United States,2017,40331,Miscellaneous,Other Consumer Services,/market-activity/stocks/lov
LSF,Laird Superfood Inc. Common Stock,$18.4535,-0.1165,-0.627%,166089453.00,,2020,7351,Consumer Non-Durables,Specialty Foods,/market-activity/stocks/lsf
LXFR,Luxfer Holdings PLC Ordinary Shares,$23.59,0.75,3.284%,653559016.00,United Kingdom,2012,35092,Capital Goods,Metal Fabrications,/market-activity/stocks/lxfr
MAG,MAG Silver Corporation Ordinary Shares,$20.79,-0.16,-0.764%,1974221581.00,Canada,,138453,,,/market-activity/stocks/mag
MCF,Contango Oil & Gas Company Common Stock (TX),$4.205,-0.065,-1.522%,845963405.00,United States,,438817,Energy,Oil & Gas Production,/market-activity/stocks/mcf
MHH,Mastech Digital Inc Common Stock,$19.37,-0.03,-0.155%,221554312.00,United States,,890,Consumer Services,Professional Services,/market-activity/stocks/mhh
MIMO,Airspan Networks Holdings Inc. Common Stock,$6.57,-0.94,-12.517%,473200551.00,,2020,281866,Consumer Services,Telecommunications Equipment,/market-activity/stocks/mimo
MITQ,Moving iMage Technologies Inc. Common Stock,$2.74,-0.05,-1.792%,29143402.00,United States,2021,176143,Capital Goods,Telecommunications Equipment,/market-activity/stocks/mitq
MLSS,Milestone Scientific Inc. Common Stock,$2.45,-0.01,-0.407%,164557749.00,United States,2015,136115,Health Care,Industrial Specialties,/market-activity/stocks/mlss
MMX,Maverix Metals Inc. Common Shares,$5.11,0.01,0.196%,745269764.00,,,42343,,,/market-activity/stocks/mmx
MSN,Emerson Radio Corporation Common Stock,$1.17,-0.03,-2.50%,24619903.00,United States,,16082,Consumer Non-Durables,Consumer Electronics/Appliances,/market-activity/stocks/msn
MTA,Metalla Royalty & Streaming Ltd. Common Shares,$7.639,-0.011,-0.144%,333208895.00,,,75311,,,/market-activity/stocks/mta
MTNB,Matinas Biopharma Holdings Inc. Common Stock,$0.9901,-0.0199,-1.97%,214100632.00,United States,2017,1614115,Health Care,Biotechnology: Pharmaceutical Preparations,/market-activity/stocks/mtnb
MXC,Mexco Energy Corporation Common Stock,$11.69,-0.50,-4.102%,24457421.00,United States,,47198,Energy,Oil & Gas Production,/market-activity/stocks/mxc
MYO,Myomo Inc. Common Stock,$10.15,-0.20,-1.932%,58156425.00,United States,2017,43830,Health Care,Industrial Specialties,/market-activity/stocks/myo
NAK,Northern Dynasty Minerals Ltd. Common Stock,$0.42,-0.0046,-1.083%,221982173.00,Canada,,2919438,,,/market-activity/stocks/nak
NAVB,Navidea Biopharmaceuticals Inc. Common Stock,$1.38,-0.08,-5.479%,41625278.00,United States,,82772,Health Care,Biotechnology: In Vitro & In Vivo Diagnostic Substances,/market-activity/stocks/navb
NBH,Neuberger Berman Municipal Fund Inc. Common Stock,$15.73,0.03,0.191%,296184826.00,United States,2002,7366,Finance,Finance/Investors Services,/market-activity/stocks/nbh
NBO,Neuberger Berman New York Municipal Fund Inc. Common Stock,$12.9598,0.0198,0.153%,65802309.00,United States,2002,3085,Finance,Finance/Investors Services,/market-activity/stocks/nbo
NBW,Neuberger Berman California Municipal Fund Inc Common Stock,$14.20,-0.03,-0.211%,78824825.00,United States,2002,6408,Finance,Finance/Investors Services,/market-activity/stocks/nbw
NBY,NovaBay Pharmaceuticals Inc. Common Stock,$0.5731,-0.0169,-2.864%,25757042.00,United States,2007,226909,Health Care,Biotechnology: Pharmaceutical Preparations,/market-activity/stocks/nby
NEN,New England Realty Associates Limited Partnership Class A Depositary Receipts Evidencing Units of Limited Partnership,$60.30,0.00,0.00%,220257569.00,United States,,11,Finance,Real Estate,/market-activity/stocks/nen
NES,Nuverra Environmental Solutions Inc. Common Stock,$1.99,-0.04,-1.97%,31840159.00,United States,2017,6388,Public Utilities,Water Supply,/market-activity/stocks/nes
NEWP,New Pacific Metals Corp. Common Shares,$3.4097,-0.0803,-2.301%,530139341.00,,2021,100994,,,/market-activity/stocks/newp
NFGC,New Found Gold Corp Common Shares,$5.92,0.00,0.00%,931797723.00,,2021,143501,,,/market-activity/stocks/nfgc
NG,Novagold Resources Inc.,$7.89,0.14,1.806%,2616935893.00,Canada,,284484,,,/market-activity/stocks/ng
NGD,New Gold Inc.,$1.55,0.01,0.649%,1055240000.00,Canada,,3938623,,,/market-activity/stocks/ngd
NHC,National HealthCare Corporation Common Stock,$72.40,-0.49,-0.672%,1116642576.00,United States,,9962,Health Care,Hospital/Nursing Management,/market-activity/stocks/nhc
NHS,Neuberger Berman High Yield Strategies Fund,$13.1251,0.0251,0.192%,192431908.00,United States,,13137,Finance,Trusts Except Educational Religious and Charitable,/market-activity/stocks/nhs
NML,Neuberger Berman MLP and Energy Income Fund Inc. Common Stock,$5.47,-0.02,-0.364%,309924336.00,,2013,49375,Finance,Finance/Investors Services,/market-activity/stocks/nml
NNVC,NanoViricides Inc. Common Stock,$4.775,-0.045,-0.934%,54984125.00,United States,,90283,Health Care,Biotechnology: Pharmaceutical Preparations,/market-activity/stocks/nnvc
NOG,Northern Oil and Gas Inc. Common Stock,$24.61,-0.07,-0.284%,1628495307.00,United States,,356065,Energy,Oil & Gas Production,/market-activity/stocks/nog
NRO,Neuberger Berman Real Estate Securities Income Fund Inc. Neuberger Berman Real Estate Securities Income Fund Inc.,$5.06,0.02,0.397%,240058109.00,United States,2003,72417,Finance,Finance/Investors Services,/market-activity/stocks/nro
NTIP,Network-1 Technologies Inc. Common Stock,$2.9499,-0.0601,-1.997%,71058309.00,United States,,754,,,/market-activity/stocks/ntip
NXE,Nexgen Energy Ltd. Common Shares,$6.41,0.00,0.00%,3051906220.00,,,1817198,,,/market-activity/stocks/nxe
OGEN,Oragenics Inc. Common Stock,$0.6218,-0.0127,-2.002%,72374290.00,United States,,999307,Health Care,Biotechnology: Pharmaceutical Preparations,/market-activity/stocks/ogen
OPTT,Ocean Power Technologies Inc. Common Stock,$2.18,-0.12,-5.217%,114358464.00,United States,2007,1045942,Capital Goods,Industrial Machinery/Components,/market-activity/stocks/optt
ORLA,Orla Mining Ltd. Common Shares,$3.83,0.21,5.801%,945137863.00,,2020,50612,,,/market-activity/stocks/orla
OZ,Belpointe PREP LLC Class A Units,$100.05,-0.35,-0.349%,0.00,,,3743,,,/market-activity/stocks/oz
PCG^A,Pacific Gas & Electric Co. 6% Preferred Stock,$29.4001,-0.5999,-2.00%,,United States,,700,,,/market-activity/stocks/pcg^a
PCG^B,Pacific Gas & Electric Co. 5 1/2% Preferred Stock,$27.62,0.56,2.069%,,United States,,1057,,,/market-activity/stocks/pcg^b
PCG^C,Pacific Gas & Electric Co. 5% 1st Preferred Stock,$25.9394,0.00,0.00%,,United States,,19,,,/market-activity/stocks/pcg^c
PCG^D,Pacific Gas & Electric Co. 5% 1st  Red. Preferred Stock,$24.80,-0.31,-1.235%,,United States,,441,,,/market-activity/stocks/pcg^d
PCG^E,Pacific Gas & Electric Co. 5% 1st A Preferred Stock,$25.2501,0.00,0.00%,,United States,,47,,,/market-activity/stocks/pcg^e
PCG^G,Pacific Gas & Electric Co. 4.80% 1st Preferred Stock,$25.00,-0.10,-0.398%,,United States,,5418,,,/market-activity/stocks/pcg^g
PCG^H,Pacific Gas & Electric Co. 4.50% 1st Preferred Stock,$23.00,0.00,0.00%,,United States,,98,,,/market-activity/stocks/pcg^h
PCG^I,Pacific Gas & Electric Co. 4.36% 1st Preferred Stock,$23.45,0.00,0.00%,,United States,,37,,,/market-activity/stocks/pcg^i
PED,Pedevco Corp. Common Stock,$1.495,-0.005,-0.333%,125894253.00,United States,,1612671,,,/market-activity/stocks/ped
PHGE,BiomX Inc. COmmon Stock,$2.255,-0.045,-1.957%,63578769.00,,2019,27019,Health Care,Biotechnology: Pharmaceutical Preparations,/market-activity/stocks/phge
PLAG,Planet Green Holdings Corp. Common Stock,$1.36,-0.01,-0.73%,40367425.00,China,,13143,,,/market-activity/stocks/plag
PLG,Platinum Group Metals Ltd. Ordinary Shares (Canada),$2.87,-0.01,-0.347%,215794488.00,Canada,,831102,,,/market-activity/stocks/plg
PLM,Polymet Mining Corporation Ordinary Shares (Canada),$3.16,0.08,2.597%,318772331.00,Canada,,59882,,,/market-activity/stocks/plm
PLX,Protalix BioTherapeutics Inc. (DE) Common Stock,$1.145,0.005,0.439%,52162361.00,Israel,,504912,Health Care,Biotechnology: Biological Products (No Diagnostic Substances),/market-activity/stocks/plx
PLYM^A,Plymouth Industrial REIT Inc. 7.50% Series A Cumulative Redeemable Preferred Stock,$26.555,0.165,0.625%,,United States,,875,,,/market-activity/stocks/plym^a
PRK,Park National Corporation Common Stock,$137.80,-0.22,-0.159%,2235057022.00,United States,,10229,Finance,Major Banks,/market-activity/stocks/prk
PTN,Palatin Technologies Inc. Common Stock,$0.413,-0.0004,-0.097%,95509611.00,United States,,721784,Health Care,Biotechnology: Pharmaceutical Preparations,/market-activity/stocks/ptn
PW,Power REIT (MD) Common Stock,$55.62,-0.73,-1.295%,184793723.00,United States,,12194,Consumer Services,Real Estate Investment Trusts,/market-activity/stocks/pw
PW^A,Power REIT 7.75% Series A Cumulative Perpetual Preferred Stock,$26.5101,0.00,0.00%,,United States,,1,,,/market-activity/stocks/pw^a
PZG,Paramount Gold Nevada Corp. Common Stock,$0.8854,0.0404,4.781%,35880969.00,United States,2015,79370,Basic Industries,Precious Metals,/market-activity/stocks/pzg
RCG,RENN Fund Inc Common Stock,$3.0401,-0.0014,-0.046%,18094538.00,United States,,2193,Finance,Investment Managers,/market-activity/stocks/rcg
RCOR,Renovacor Inc. Common Stock,$8.47,0.17,2.048%,146158676.00,,2020,34924,Health Care,Biotechnology: Pharmaceutical Preparations,/market-activity/stocks/rcor
REI,Ring Energy Inc. Common Stock,$3.875,-0.025,-0.641%,384985687.00,United States,,890342,Energy,Oil & Gas Production,/market-activity/stocks/rei
REPX,Riley Exploration Permian Inc. Common Stock,$25.36,-0.64,-2.462%,493227401.00,United States,,3396,Energy,Oil & Gas Production,/market-activity/stocks/repx
RHE,Regional Health Properties Inc. Common Stock,$6.9427,-0.4573,-6.18%,12320550.00,,2017,133808,Health Care,Hospital/Nursing Management,/market-activity/stocks/rhe
RHE^A,Regional Health Properties Inc. 10.875% Series A Cumulative Redeemable Preferred Stock,$4.7549,-0.1951,-3.941%,,,,930,,,/market-activity/stocks/rhe^a
RLGT,Radiant Logistics Inc. Common Stock,$7.35,-0.01,-0.136%,366899542.00,United States,,59266,Transportation,Oil Refining/Marketing,/market-activity/stocks/rlgt
RMED,Ra Medical Systems Inc. Common Stock,$2.95,-0.05,-1.667%,20736842.00,,2018,166998,Health Care,Medical/Dental Instruments,/market-activity/stocks/rmed
RVP,Retractable Technologies Inc. Common Stock,$9.335,-0.025,-0.267%,317474986.00,United States,,71875,Health Care,Medical/Dental Instruments,/market-activity/stocks/rvp
SACC,Sachem Capital Corp. 6.875% Notes due 2024,$25.40,-0.108,-0.423%,0.00,United States,2019,2899,Consumer Services,Real Estate Investment Trusts,/market-activity/stocks/sacc
SACH,Sachem Capital Corp. Common Shares,$5.745,-0.035,-0.606%,162675018.00,United States,2017,74164,Consumer Services,Real Estate Investment Trusts,/market-activity/stocks/sach
SACH^A,Sachem Capital Corp. 7.75% Series A Cumulative Redeemable Preferred Stock,$25.75,-0.15,-0.579%,,United States,,3183,,,/market-activity/stocks/sach^a
SBEV,Splash Beverage Group Inc. Common Stock,$1.98,0.00,0.00%,60354194.00,,2021,36457,Consumer Non-Durables,Beverages (Production/Distribution),/market-activity/stocks/sbev
SCCB,Sachem Capital Corp. 7.125% Notes due 2024,$25.35,0.00,0.00%,0.00,United States,2019,65,Consumer Services,Real Estate Investment Trusts,/market-activity/stocks/sccb
SCCC,Sachem Capital Corp. 7.75% Notes due 2025,$25.9599,0.0099,0.038%,0.00,United States,2020,4128,Consumer Services,Real Estate Investment Trusts,/market-activity/stocks/sccc
SDPI,Superior Drilling Products Inc. Common Stock,$1.1912,-0.0488,-3.935%,34211773.00,,2014,187801,Energy,Metal Fabrications,/market-activity/stocks/sdpi
SEB,Seaboard Corporation Common Stock,$4070.00,17.01,0.42%,4724370530.00,United States,1996,170,,,/market-activity/stocks/seb
SENS,Senseonics Holdings Inc. Common Stock,$3.735,-0.155,-3.985%,1663027399.00,United States,,5268152,Health Care,Medical Specialities,/market-activity/stocks/sens
SIF,SIFCO Industries Inc. Common Stock,$7.8247,0.0447,0.575%,46863138.00,United States,,5358,Capital Goods,Office Equipment/Supplies/Services,/market-activity/stocks/sif
SILV,SilverCrest Metals Inc. Common Shares,$9.22,0.04,0.436%,1335636860.00,,2018,259407,Capital Goods,Industrial Machinery/Components,/market-activity/stocks/silv
SIM,Grupo Simec S.A.B. de C.V. American Depositary Shares,$24.50,0.00,0.00%,3779365688.00,Mexico,1993,365,Basic Industries,Steel/Iron Ore,/market-activity/stocks/sim
SLI,Standard Lithium Ltd. Common Shares,$10.74,-0.77,-6.69%,1516125020.00,,2021,1809786,,,/market-activity/stocks/sli
SMTS,Sierra Metals Inc. Common Stock,$1.61,-0.07,-4.167%,263074000.00,,,909326,Basic Industries,Precious Metals,/market-activity/stocks/smts
SNMP,Evolve Transition Infrastructure LP Common Stock,$1.20,-0.14,-10.448%,94468218.00,United States,,5888899,Energy,Oil & Gas Production,/market-activity/stocks/snmp
SSY,SunLink Health Systems Inc. Common Stock,$2.51,-0.08,-3.089%,17379619.00,United States,,33005,Health Care,Medical/Nursing Services,/market-activity/stocks/ssy
STXS,Stereotaxis Inc. Common Stock,$5.83,-0.36,-5.816%,434379197.00,United States,,161282,Health Care,Biotechnology: Electromedical & Electrotherapeutic Apparatus,/market-activity/stocks/stxs
SVM,Silvercorp Metals Inc. Common Shares,$4.555,0.015,0.33%,803292885.00,,,852105,,,/market-activity/stocks/svm
SVT,Servotronics Inc. Common Stock,$11.68,0.00,0.00%,29102671.00,United States,,21,Consumer Durables,Metal Fabrications,/market-activity/stocks/svt
SYN,Synthetic Biologics Inc. Common Stock,$0.4075,-0.0075,-1.807%,53807334.00,United States,,1351493,Health Care,Biotechnology: Pharmaceutical Preparations,/market-activity/stocks/syn
TELL,Tellurian Inc. Common Stock,$4.435,-0.145,-3.166%,2124387450.00,United States,,8595588,Energy,Oil & Gas Production,/market-activity/stocks/tell
TGB,Taseko Mines Ltd. Common Stock,$2.195,-0.065,-2.876%,623283839.00,Canada,,599711,,,/market-activity/stocks/tgb
THM,International Tower Hill Mines Ltd. Ordinary Shares (Canada),$0.7044,0.0141,2.043%,137293325.00,Canada,,78972,,,/market-activity/stocks/thm
TKAT,Takung Art Co. Ltd. Common Stock,$6.0666,-0.2034,-3.244%,75219003.00,,,408628,Consumer Services,Catalog/Specialty Distribution,/market-activity/stocks/tkat
TMBR,Timber Pharmaceuticals Inc. Common Stock,$0.5349,-0.0179,-3.238%,19609266.00,United States,2015,5484081,Consumer Durables,Specialty Chemicals,/market-activity/stocks/tmbr
TMP,Tompkins Financial Corporation Common Stock,$84.37,-0.61,-0.718%,1229463348.00,United States,,15831,Finance,Major Banks,/market-activity/stocks/tmp
TMQ,Trilogy Metals Inc. Common Stock,$1.8999,-0.0201,-1.047%,274443376.00,Canada,,167483,,,/market-activity/stocks/tmq
TPHS,Trinity Place Holdings Inc. Common Stock,$1.92,-0.04,-2.041%,67576884.00,,,11894,Consumer Services,Real Estate,/market-activity/stocks/tphs
TRT,Trio-Tech International Common Stock,$4.80,0.06,1.266%,18782664.00,United States,,5662,Technology,Industrial Machinery/Components,/market-activity/stocks/trt
TRX,Tanzanian Gold Corporation Common Stock,$0.459,-0.0031,-0.671%,116985585.00,Canada,,372971,,,/market-activity/stocks/trx
UAMY,United States Antimony Corporation Common Stock,$0.9149,-0.0096,-1.038%,96984189.00,United States,,631099,,,/market-activity/stocks/uamy
UAVS,AgEagle Aerial Systems Inc. Common Stock,$2.89,0.00,0.00%,217171067.00,United States,,2098979,,,/market-activity/stocks/uavs
UEC,Uranium Energy Corp. Common Stock,$5.16,0.08,1.575%,1336372038.00,Canada,,10577115,Basic Industries,Other Metals and Minerals,/market-activity/stocks/uec
UFAB,Unique Fabricating Inc. Common Stock,$3.12,-0.08,-2.50%,36607419.00,United States,2015,6139,Capital Goods,Auto Parts:O.E.M.,/market-activity/stocks/ufab
URG,Ur Energy Inc Common Shares (Canada),$1.985,-0.115,-5.476%,418479153.00,Canada,,4492660,,,/market-activity/stocks/urg
USAS,Americas Gold and Silver Corporation Common Shares no par value,$0.9599,-0.0171,-1.75%,131627904.00,,2017,538240,,,/market-activity/stocks/usas
UTG,Reaves Utility Income Fund Common Shares of Beneficial Interest,$33.62,-0.10,-0.297%,1999232463.00,United States,2004,139101,Finance,Investment Managers,/market-activity/stocks/utg
UUU,Universal Security Instruments Inc. Common Stock,$4.87,-0.02,-0.409%,11263760.00,United States,,22668,Miscellaneous,Diversified Manufacture,/market-activity/stocks/uuu
UUUU,Energy Fuels Inc Ordinary Shares (Canada),$10.75,-0.11,-1.013%,1672921955.00,,,2853746,,,/market-activity/stocks/uuuu
VCF,Delaware Investments Colorado Municipal Income Fund Inc  Common Stock,$14.49,0.17,1.187%,70089579.00,United States,1993,10998,Finance,Finance/Investors Services,/market-activity/stocks/vcf
VFL,Delaware Investments National Municipal Income Fund Common Stock,$13.915,0.075,0.542%,63013284.00,United States,1993,3120,Finance,Finance/Investors Services,/market-activity/stocks/vfl
VGZ,Vista Gold Corp Common Stock,$0.79,-0.0269,-3.293%,92579493.00,United States,,97194,,,/market-activity/stocks/vgz
VHAQ,Viveon Health Acquisition Corp. Common Stock,$10.0113,0.0013,0.013%,251846766.00,,2021,102,,,/market-activity/stocks/vhaq
VKI,Invesco Advantage Municipal Income Trust II Common Shares of Beneficial Interest (DE),$12.165,0.085,0.704%,540023218.00,United States,,33629,Finance,Finance Companies,/market-activity/stocks/vki
VMM,Delaware Investments Minnesota Municipal Income Fund II Inc. Common Stock,$14.20,0.0164,0.116%,163370645.00,United States,1993,3818,Finance,Finance/Investors Services,/market-activity/stocks/vmm
VNRX,VolitionRX Limited Common Stock,$3.54,-0.07,-1.939%,188407158.00,Singapore,2015,37445,Health Care,Biotechnology: Biological Products (No Diagnostic Substances),/market-activity/stocks/vnrx
VOLT,Volt Information Sciences Inc. Common Stock,$3.31,-0.13,-3.779%,73082410.00,United States,,22884,Technology,Diversified Commercial Services,/market-activity/stocks/volt
WLMS,Williams Industrial Services Group Inc. Common Stock,$4.82,0.02,0.417%,124912720.00,,2021,19058,Capital Goods,Engineering & Construction,/market-activity/stocks/wlms
WRN,Western Copper and Gold Corporation Common Stock,$1.5211,-0.0589,-3.728%,229041344.00,Canada,2011,605292,,,/market-activity/stocks/wrn
WTT,Wireless Telecom Group  Inc. Common Stock,$2.2994,-0.0206,-0.888%,51065066.00,United States,,11612,Capital Goods,Telecommunications Equipment,/market-activity/stocks/wtt
WWR,Westwater Resources Inc. Common Stock,$3.60,-0.13,-3.485%,124689827.00,United States,,536742,Basic Industries,Other Metals and Minerals,/market-activity/stocks/wwr
WYY,WidePoint Corporation Common Stock,$5.33,-0.10,-1.842%,48593924.00,United States,,35532,Technology,EDP Services,/market-activity/stocks/wyy
XPL,Solitario Zinc Corp. Common Stock,$0.5291,-0.0009,-0.17%,30922597.00,United States,,87826,Basic Industries,Metal Mining,/market-activity/stocks/xpl
XTNT,Xtant Medical Holdings Inc. Common Stock,$1.13,0.01,0.893%,97979233.00,United States,,38004,Health Care,Medical Specialities,/market-activity/stocks/xtnt
YCBD,cbdMD Inc. Common Stock,$1.69,-0.01,-0.588%,97643282.00,United States,2017,151513,Health Care,Biotechnology: Pharmaceutical Preparations,/market-activity/stocks/ycbd
YCBD^A,cbdMD Inc. 8.0% Series A Cumulative Convertible Preferred Stock,$6.325,-0.12,-1.862%,,United States,,3256,,,/market-activity/stocks/ycbd^a
ZDGE,Zedge Inc. Class B Common Stock ,$10.175,-0.835,-7.584%,144348055.00,,2016,258868,Technology,Computer Software: Prepackaged Software,/market-activity/stocks/zdge
ZOM,Zomedica Corp. Common Shares,$0.5477,-0.0293,-5.078%,536597118.00,United States,2017,13900340,,,/market-activity/stocks/zom
